{
	"credit": "Designed by Deltazura",
	"textures": {
		"texture": "textures/bomb",
		"particle": "textures/particle"
	},
	"elements": [
		{
			"name": "Element",
			"from": [1, 0.25, 6.5],
			"to": [15, 3.25, 9.5],
			"faces": {
				"north": {"uv": [12.5, 16, 9.5, 6.34375], "rotation": 90, "texture": "#texture"},
				"east": {"uv": [9.5, 8.65625, 12.5, 11.65625], "rotation": 90, "texture": "#texture"},
				"south": {"uv": [9.5, 6.34375, 12.5, 16], "rotation": 90, "texture": "#texture"},
				"west": {"uv": [9.5, 10.5625, 12.5, 13.5625], "rotation": 90, "texture": "#texture"},
				"up": {"uv": [12.5, 6.34375, 15.5, 16], "rotation": 90, "texture": "#texture"},
				"down": {"uv": [9.5, 6.34375, 12.5, 16], "rotation": 90, "texture": "#texture"}
			}
		},
		{
			"name": "Element",
			"from": [1, 0.25, 9.5],
			"to": [15, 3.25, 12.5],
			"faces": {
				"north": {"uv": [12.5, 16, 9.5, 6.34375], "rotation": 90, "texture": "#texture"},
				"east": {"uv": [9.5, 8.65625, 12.5, 11.65625], "rotation": 90, "texture": "#texture"},
				"south": {"uv": [9.5, 6.34375, 12.5, 16], "rotation": 90, "texture": "#texture"},
				"west": {"uv": [9.5, 10.5625, 12.5, 13.5625], "rotation": 90, "texture": "#texture"},
				"up": {"uv": [12.49889, 6.34375, 15.49889, 16], "rotation": 90, "texture": "#texture"},
				"down": {"uv": [9.5, 6.34375, 12.5, 16], "rotation": 90, "texture": "#texture"}
			}
		},
		{
			"name": "Element",
			"from": [1, 0.25, 3.5],
			"to": [15, 3.25, 6.5],
			"faces": {
				"north": {"uv": [12.5, 16, 9.5, 6.34375], "rotation": 90, "texture": "#texture"},
				"east": {"uv": [9.5, 8.65625, 12.5, 11.65625], "rotation": 90, "texture": "#texture"},
				"south": {"uv": [9.5, 6.34375, 12.5, 16], "rotation": 90, "texture": "#texture"},
				"west": {"uv": [9.5, 10.5625, 12.5, 13.5625], "rotation": 90, "texture": "#texture"},
				"up": {"uv": [12.5, 6.34375, 15.5, 16], "rotation": 90, "texture": "#texture"},
				"down": {"uv": [9.5, 6.34375, 12.5, 16], "rotation": 90, "texture": "#texture"}
			}
		},
		{
			"name": "Element",
			"from": [5.5, 0.75, 12.5],
			"to": [8, 2.25, 13.5],
			"faces": {
				"north": {"uv": [1.5, 2, 3, 4.5], "rotation": 90, "texture": "#texture"},
				"east": {"uv": [2, 3, 3, 4.5], "texture": "#texture"},
				"south": {"uv": [1.5, 2, 3, 4.5], "rotation": 270, "texture": "#texture"},
				"west": {"uv": [2, 3, 3, 4.5], "texture": "#texture"},
				"up": {"uv": [2, 2, 3, 4.5], "rotation": 270, "texture": "#texture"},
				"down": {"uv": [2, 2, 3, 4.5], "rotation": 270, "texture": "#texture"}
			}
		},
		{
			"name": "Element",
			"from": [2, 3.25, 5],
			"to": [14, 3.75, 11],
			"faces": {
				"north": {"uv": [11.5625, 6, 11.90625, 6.34375], "texture": "#texture"},
				"east": {"uv": [11.5625, 6, 11.90625, 6.34375], "texture": "#texture"},
				"south": {"uv": [11.5625, 6, 11.90625, 6.34375], "texture": "#texture"},
				"west": {"uv": [11.5625, 6, 11.90625, 6.34375], "texture": "#texture"},
				"up": {"uv": [4, 0, 16, 6], "texture": "#texture"},
				"down": {"uv": [11.5625, 6, 11.90625, 6.34375], "texture": "#texture"}
			}
		},
		{
			"name": "Element",
			"from": [2.5, 3.75, 5.5],
			"to": [4, 4.25, 10],
			"faces": {
				"north": {"uv": [10.1875, 6, 10.53125, 6.34375], "texture": "#texture"},
				"east": {"uv": [10.1875, 6, 10.53125, 6.34375], "texture": "#texture"},
				"south": {"uv": [10.1875, 6, 10.53125, 6.34375], "texture": "#texture"},
				"west": {"uv": [10.1875, 6, 10.53125, 6.34375], "texture": "#texture"},
				"up": {"uv": [0, 0, 1.5, 4.5], "texture": "#texture"},
				"down": {"uv": [10.1875, 6, 10.53125, 6.34375], "texture": "#texture"}
			}
		},
		{
			"name": "Element",
			"from": [2.5, 3.75, 5.5],
			"to": [4, 4.25, 10],
			"faces": {
				"north": {"uv": [10.1875, 6, 10.53125, 6.34375], "texture": "#texture"},
				"east": {"uv": [10.1875, 6, 10.53125, 6.34375], "texture": "#texture"},
				"south": {"uv": [10.1875, 6, 10.53125, 6.34375], "texture": "#texture"},
				"west": {"uv": [10.1875, 6, 10.53125, 6.34375], "texture": "#texture"},
				"up": {"uv": [0, 0, 1.5, 4.5], "texture": "#texture"},
				"down": {"uv": [10.1875, 6, 10.53125, 6.34375], "texture": "#texture"}
			}
		},
		{
			"name": "Element",
			"from": [7, 3.75, 5.5],
			"to": [13.5, 4.25, 10.5],
			"faces": {
				"north": {"uv": [9.84375, 6.34375, 10.1875, 6], "texture": "#texture"},
				"east": {"uv": [9.84375, 6.34375, 10.1875, 6], "texture": "#texture"},
				"south": {"uv": [9.84375, 6.34375, 10.1875, 6], "texture": "#texture"},
				"west": {"uv": [9.84375, 6.34375, 10.1875, 6], "texture": "#texture"},
				"up": {"uv": [9.84375, 6, 10.1875, 6.34375], "texture": "#texture"},
				"down": {"uv": [9.84375, 6, 10.1875, 6.34375], "texture": "#texture"}
			}
		},
		{
			"name": "Element",
			"from": [7.5, 3.75, 6],
			"to": [8.5, 4.75, 7],
			"faces": {
				"north": {"uv": [9.5, 6, 9.84375, 6.34375], "texture": "#texture"},
				"east": {"uv": [9.5, 6, 9.84375, 6.34375], "texture": "#texture"},
				"south": {"uv": [9.5, 6, 9.84375, 6.34375], "texture": "#texture"},
				"west": {"uv": [9.5, 6, 9.84375, 6.34375], "texture": "#texture"},
				"up": {"uv": [2.49965, 0, 2.99989, 0.5], "rotation": 270, "texture": "#texture"},
				"down": {"uv": [9.5, 6.34375, 9.84375, 6], "texture": "#texture"}
			}
		},
		{
			"name": "Element",
			"from": [7.5, 3.75, 7.5],
			"to": [8.5, 4.75, 8.5],
			"faces": {
				"north": {"uv": [9.5, 6, 9.84375, 6.34375], "texture": "#texture"},
				"east": {"uv": [9.5, 6, 9.84375, 6.34375], "texture": "#texture"},
				"south": {"uv": [9.5, 6, 9.84375, 6.34375], "texture": "#texture"},
				"west": {"uv": [9.5, 6, 9.84375, 6.34375], "texture": "#texture"},
				"up": {"uv": [2, 0, 2.5, 0.5], "rotation": 270, "texture": "#texture"},
				"down": {"uv": [9.5, 6.34375, 9.84375, 6], "texture": "#texture"}
			}
		},
		{
			"name": "Element",
			"from": [7.5, 3.75, 9],
			"to": [8.5, 4.75, 10],
			"faces": {
				"north": {"uv": [9.84375, 6.34375, 9.5, 6], "texture": "#texture"},
				"east": {"uv": [9.84375, 6.34375, 9.5, 6], "texture": "#texture"},
				"south": {"uv": [9.84375, 6.34375, 9.5, 6], "texture": "#texture"},
				"west": {"uv": [9.84375, 6.34375, 9.5, 6], "texture": "#texture"},
				"up": {"uv": [1.5, 0, 2, 0.5], "rotation": 270, "texture": "#texture"},
				"down": {"uv": [9.84375, 6, 9.5, 6.34375], "texture": "#texture"}
			}
		},
		{
			"name": "Element",
			"from": [9, 3.75, 6],
			"to": [10, 4.75, 7],
			"faces": {
				"north": {"uv": [9.5, 6, 9.84375, 6.34375], "texture": "#texture"},
				"east": {"uv": [9.5, 6, 9.84375, 6.34375], "texture": "#texture"},
				"south": {"uv": [9.5, 6, 9.84375, 6.34375], "texture": "#texture"},
				"west": {"uv": [9.5, 6, 9.84375, 6.34375], "texture": "#texture"},
				"up": {"uv": [2.5, 0.5, 3, 1], "rotation": 270, "texture": "#texture"},
				"down": {"uv": [9.5, 6.34375, 9.84375, 6], "texture": "#texture"}
			}
		},
		{
			"name": "Element",
			"from": [10.5, 3.75, 6],
			"to": [11.5, 4.75, 7],
			"faces": {
				"north": {"uv": [9.5, 6, 9.84375, 6.34375], "texture": "#texture"},
				"east": {"uv": [9.5, 6, 9.84375, 6.34375], "texture": "#texture"},
				"south": {"uv": [9.5, 6, 9.84375, 6.34375], "texture": "#texture"},
				"west": {"uv": [9.5, 6, 9.84375, 6.34375], "texture": "#texture"},
				"up": {"uv": [2.5, 1, 3, 1.5], "rotation": 270, "texture": "#texture"},
				"down": {"uv": [9.5, 6.34375, 9.84375, 6], "texture": "#texture"}
			}
		},
		{
			"name": "Element",
			"from": [12, 3.75, 6],
			"to": [13, 4.75, 7],
			"faces": {
				"north": {"uv": [9.5, 6, 9.84375, 6.34375], "texture": "#texture"},
				"east": {"uv": [9.5, 6, 9.84375, 6.34375], "texture": "#texture"},
				"south": {"uv": [9.5, 6, 9.84375, 6.34375], "texture": "#texture"},
				"west": {"uv": [9.5, 6, 9.84375, 6.34375], "texture": "#texture"},
				"up": {"uv": [2.5, 1.5, 3, 2], "rotation": 270, "texture": "#texture"},
				"down": {"uv": [9.5, 6.34375, 9.84375, 6], "texture": "#texture"}
			}
		},
		{
			"name": "Element",
			"from": [9, 3.75, 7.5],
			"to": [10, 4.75, 8.5],
			"faces": {
				"north": {"uv": [9.5, 6, 9.84375, 6.34375], "texture": "#texture"},
				"east": {"uv": [9.5, 6, 9.84375, 6.34375], "texture": "#texture"},
				"south": {"uv": [9.5, 6, 9.84375, 6.34375], "texture": "#texture"},
				"west": {"uv": [9.5, 6, 9.84375, 6.34375], "texture": "#texture"},
				"up": {"uv": [2, 0.5, 2.5, 1], "rotation": 270, "texture": "#texture"},
				"down": {"uv": [9.5, 6.34375, 9.84375, 6], "texture": "#texture"}
			}
		},
		{
			"name": "Element",
			"from": [10.5, 3.75, 7.5],
			"to": [11.5, 4.75, 8.5],
			"faces": {
				"north": {"uv": [9.5, 6, 9.84375, 6.34375], "texture": "#texture"},
				"east": {"uv": [9.5, 6, 9.84375, 6.34375], "texture": "#texture"},
				"south": {"uv": [9.5, 6, 9.84375, 6.34375], "texture": "#texture"},
				"west": {"uv": [9.5, 6, 9.84375, 6.34375], "texture": "#texture"},
				"up": {"uv": [2, 1, 2.5, 1.5], "rotation": 270, "texture": "#texture"},
				"down": {"uv": [9.5, 6.34375, 9.84375, 6], "texture": "#texture"}
			}
		},
		{
			"name": "Element",
			"from": [12, 3.75, 7.5],
			"to": [13, 4.75, 8.5],
			"faces": {
				"north": {"uv": [9.5, 6, 9.84375, 6.34375], "texture": "#texture"},
				"east": {"uv": [9.5, 6, 9.84375, 6.34375], "texture": "#texture"},
				"south": {"uv": [9.5, 6, 9.84375, 6.34375], "texture": "#texture"},
				"west": {"uv": [9.5, 6, 9.84375, 6.34375], "texture": "#texture"},
				"up": {"uv": [2, 1.5, 2.5, 2], "rotation": 270, "texture": "#texture"},
				"down": {"uv": [9.5, 6.34375, 9.84375, 6], "texture": "#texture"}
			}
		},
		{
			"name": "Element",
			"from": [9, 3.75, 9],
			"to": [10, 4.75, 10],
			"faces": {
				"north": {"uv": [9.5, 6, 9.84375, 6.34375], "texture": "#texture"},
				"east": {"uv": [9.5, 6, 9.84375, 6.34375], "texture": "#texture"},
				"south": {"uv": [9.5, 6, 9.84375, 6.34375], "texture": "#texture"},
				"west": {"uv": [9.5, 6, 9.84375, 6.34375], "texture": "#texture"},
				"up": {"uv": [1.5, 0.5, 2, 1], "rotation": 270, "texture": "#texture"},
				"down": {"uv": [9.5, 6.34375, 9.84375, 6], "texture": "#texture"}
			}
		},
		{
			"name": "Element",
			"from": [10.5, 3.75, 9],
			"to": [11.5, 4.75, 10],
			"faces": {
				"north": {"uv": [9.5, 6, 9.84375, 6.34375], "texture": "#texture"},
				"east": {"uv": [9.5, 6, 9.84375, 6.34375], "texture": "#texture"},
				"south": {"uv": [9.5, 6, 9.84375, 6.34375], "texture": "#texture"},
				"west": {"uv": [9.5, 6, 9.84375, 6.34375], "texture": "#texture"},
				"up": {"uv": [1.5, 1, 2, 1.5], "rotation": 270, "texture": "#texture"},
				"down": {"uv": [9.5, 6.34375, 9.84375, 6], "texture": "#texture"}
			}
		},
		{
			"name": "Element",
			"from": [12, 3.75, 9],
			"to": [13, 4.75, 10],
			"faces": {
				"north": {"uv": [9.5, 6, 9.84375, 6.34375], "texture": "#texture"},
				"east": {"uv": [9.5, 6, 9.84375, 6.34375], "texture": "#texture"},
				"south": {"uv": [9.5, 6, 9.84375, 6.34375], "texture": "#texture"},
				"west": {"uv": [9.5, 6, 9.84375, 6.34375], "texture": "#texture"},
				"up": {"uv": [1.5, 1.5, 2, 2], "rotation": 270, "texture": "#texture"},
				"down": {"uv": [9.5, 6.34375, 9.84375, 6], "texture": "#texture"}
			}
		},
		{
			"name": "Element",
			"from": [5.5, 3.25, 6],
			"to": [6, 4.75, 6.5],
			"faces": {
				"north": {"uv": [9.5, 6, 9.84375, 6.34375], "texture": "#texture"},
				"east": {"uv": [9.5, 6, 9.84375, 6.34375], "texture": "#texture"},
				"south": {"uv": [9.5, 6, 9.84375, 6.34375], "texture": "#texture"},
				"west": {"uv": [9.5, 6, 9.84375, 6.34375], "texture": "#texture"},
				"up": {"uv": [4, 6, 4.5, 6.5], "texture": "#texture"},
				"down": {"uv": [9.84375, 6.34375, 9.5, 6], "texture": "#texture"}
			}
		},
		{
			"name": "Element",
			"from": [5.5, 3.25, 7],
			"to": [6, 4.75, 7.5],
			"faces": {
				"north": {"uv": [9.5, 6, 9.84375, 6.34375], "texture": "#texture"},
				"east": {"uv": [9.5, 6, 9.84375, 6.34375], "texture": "#texture"},
				"south": {"uv": [9.5, 6, 9.84375, 6.34375], "texture": "#texture"},
				"west": {"uv": [9.5, 6, 9.84375, 6.34375], "texture": "#texture"},
				"up": {"uv": [4, 6, 4.5, 6.5], "texture": "#texture"},
				"down": {"uv": [9.84375, 6, 9.5, 6.34375], "texture": "#texture"}
			}
		},
		{
			"name": "Element",
			"from": [0, 2.25, 6],
			"to": [1, 2.75, 6.5],
			"faces": {
				"north": {"uv": [9.5, 6, 9.84375, 6.34375], "texture": "#texture"},
				"east": {"uv": [9.5, 6, 9.84375, 6.34375], "texture": "#texture"},
				"south": {"uv": [9.5, 6, 9.84375, 6.34375], "texture": "#texture"},
				"west": {"uv": [9.5, 6, 9.84375, 6.34375], "texture": "#texture"},
				"up": {"uv": [9.5, 6, 9.84375, 6.34375], "texture": "#texture"},
				"down": {"uv": [9.5, 6.34375, 9.84375, 6], "texture": "#texture"}
			}
		},
		{
			"name": "Element",
			"from": [0, 2.25, 4.5],
			"to": [1, 2.75, 5],
			"faces": {
				"north": {"uv": [12.25, 6, 12.59375, 6.34375], "texture": "#texture"},
				"east": {"uv": [12.25, 6, 12.59375, 6.34375], "texture": "#texture"},
				"south": {"uv": [12.25, 6, 12.59375, 6.34375], "texture": "#texture"},
				"west": {"uv": [12.25, 6, 12.59375, 6.34375], "texture": "#texture"},
				"up": {"uv": [12.25, 6, 12.59375, 6.34375], "texture": "#texture"},
				"down": {"uv": [12.25, 6, 12.59375, 6.34375], "texture": "#texture"}
			}
		},
		{
			"name": "Element",
			"from": [0, 2.25, 11],
			"to": [1, 2.75, 11.5],
			"faces": {
				"north": {"uv": [11.90625, 6, 12.25, 6.34375], "texture": "#texture"},
				"east": {"uv": [11.90625, 6, 12.25, 6.34375], "texture": "#texture"},
				"south": {"uv": [11.90625, 6, 12.25, 6.34375], "texture": "#texture"},
				"west": {"uv": [11.90625, 6, 12.25, 6.34375], "texture": "#texture"},
				"up": {"uv": [12.25, 6.34268, 11.90625, 5.99893], "texture": "#texture"},
				"down": {"uv": [11.90625, 6, 12.25, 6.34375], "texture": "#texture"}
			}
		},
		{
			"name": "Element",
			"from": [5, 0.75, 12.5],
			"to": [5.5, 2.25, 13.5],
			"faces": {
				"north": {"uv": [9.5, 6, 9.84375, 6.34375], "texture": "#texture"},
				"east": {"uv": [9.5, 6, 9.84375, 6.34375], "texture": "#texture"},
				"south": {"uv": [9.5, 6, 9.84375, 6.34375], "texture": "#texture"},
				"west": {"uv": [9.5, 6, 9.84375, 6.34375], "texture": "#texture"},
				"up": {"uv": [9.5, 6, 9.84375, 6.34375], "texture": "#texture"},
				"down": {"uv": [9.5, 6.34375, 9.84375, 6], "texture": "#texture"}
			}
		},
		{
			"name": "Element",
			"from": [5.25, 2.25, 12.5],
			"to": [5.3125, 4.75, 12.5625],
			"faces": {
				"north": {"uv": [9.5, 6, 9.84375, 6.34375], "texture": "#texture"},
				"east": {"uv": [9.5, 6, 9.84375, 6.34375], "texture": "#texture"},
				"south": {"uv": [9.5, 6, 9.84375, 6.34375], "texture": "#texture"},
				"west": {"uv": [9.5, 6, 9.84375, 6.34375], "texture": "#texture"},
				"up": {"uv": [9.5, 6, 9.84375, 6.34375], "texture": "#texture"},
				"down": {"uv": [9.5, 6, 9.84375, 6.34375], "texture": "#texture"}
			}
		},
		{
			"name": "Element",
			"from": [5.25, 4.6875, 10.5],
			"to": [5.3125, 4.75, 12.5],
			"faces": {
				"north": {"uv": [9.5, 6, 9.84375, 6.34375], "texture": "#texture"},
				"east": {"uv": [9.5, 6, 9.84375, 6.34375], "texture": "#texture"},
				"south": {"uv": [9.5, 6, 9.84375, 6.34375], "texture": "#texture"},
				"west": {"uv": [9.5, 6, 9.84375, 6.34375], "texture": "#texture"},
				"up": {"uv": [9.5, 6, 9.84375, 6.34375], "texture": "#texture"},
				"down": {"uv": [9.5, 6, 9.84375, 6.34375], "texture": "#texture"}
			}
		},
		{
			"name": "Element",
			"from": [5, 3.75, 10],
			"to": [5.5, 4.25, 10.5],
			"faces": {
				"north": {"uv": [10.875, 6, 11.21875, 6.34375], "texture": "#texture"},
				"east": {"uv": [10.875, 6, 11.21875, 6.34375], "texture": "#texture"},
				"south": {"uv": [10.875, 6, 11.21875, 6.34375], "texture": "#texture"},
				"west": {"uv": [10.875, 6, 11.21875, 6.34375], "texture": "#texture"},
				"up": {"uv": [10.875, 6, 11.21875, 6.34375], "texture": "#texture"},
				"down": {"uv": [10.875, 6, 11.21875, 6.34375], "texture": "#texture"}
			}
		},
		{
			"name": "Element",
			"from": [5.25, 5.1875, 10],
			"to": [5.3125, 5.25, 13],
			"faces": {
				"north": {"uv": [11.90625, 6, 12.25, 6.34375], "texture": "#texture"},
				"east": {"uv": [11.90625, 6, 12.25, 6.34375], "texture": "#texture"},
				"south": {"uv": [11.90625, 6, 12.25, 6.34375], "texture": "#texture"},
				"west": {"uv": [11.90625, 6, 12.25, 6.34375], "texture": "#texture"},
				"up": {"uv": [11.90625, 6, 12.25, 6.34375], "texture": "#texture"},
				"down": {"uv": [11.90625, 6, 12.25, 6.34375], "texture": "#texture"}
			}
		},
		{
			"name": "Element",
			"from": [5.25, 2.25, 13],
			"to": [5.3125, 5.25, 13.0625],
			"faces": {
				"north": {"uv": [11.90625, 6, 12.25, 6.34375], "texture": "#texture"},
				"east": {"uv": [11.90625, 6, 12.25, 6.34375], "texture": "#texture"},
				"south": {"uv": [11.90625, 6, 12.25, 6.34375], "texture": "#texture"},
				"west": {"uv": [11.90625, 6, 12.25, 6.34375], "texture": "#texture"},
				"up": {"uv": [11.90625, 6, 12.25, 6.34375], "texture": "#texture"},
				"down": {"uv": [11.90625, 6, 12.25, 6.34375], "texture": "#texture"}
			}
		},
		{
			"name": "Element",
			"from": [5.25, 4.25, 10],
			"to": [5.3125, 5.25, 10.0625],
			"faces": {
				"north": {"uv": [11.90625, 6, 12.25, 6.34375], "texture": "#texture"},
				"east": {"uv": [11.90625, 6, 12.25, 6.34375], "texture": "#texture"},
				"south": {"uv": [11.90625, 6, 12.25, 6.34375], "texture": "#texture"},
				"west": {"uv": [11.90625, 6, 12.25, 6.34375], "texture": "#texture"},
				"up": {"uv": [11.90625, 6, 12.25, 6.34375], "texture": "#texture"},
				"down": {"uv": [11.90625, 6, 12.25, 6.34375], "texture": "#texture"}
			}
		},
		{
			"name": "Element",
			"from": [5.25, 4.25, 10.43],
			"to": [5.3125, 4.75, 10.4925],
			"faces": {
				"north": {"uv": [9.5, 6, 9.84375, 6.34375], "texture": "#texture"},
				"east": {"uv": [9.5, 6, 9.84375, 6.34375], "texture": "#texture"},
				"south": {"uv": [9.5, 6, 9.84375, 6.34375], "texture": "#texture"},
				"west": {"uv": [9.5, 6, 9.84375, 6.34375], "texture": "#texture"},
				"up": {"uv": [9.5, 6, 9.84375, 6.34375], "texture": "#texture"},
				"down": {"uv": [9.5, 6, 9.84375, 6.34375], "texture": "#texture"}
			}
		},
		{
			"name": "Element",
			"from": [11.5, 3.75, 10.5],
			"to": [12.5, 3.8125, 11.5],
			"faces": {
				"north": {"uv": [1.875, 6.375, 2, 6.5], "texture": "#texture"},
				"east": {"uv": [1.875, 6.375, 2, 6.5], "texture": "#texture"},
				"south": {"uv": [1.875, 6.375, 2, 6.5], "texture": "#texture"},
				"west": {"uv": [1.875, 5.5, 2, 5.625], "texture": "#texture"},
				"up": {"uv": [0, 5.5, 1.99785, 6.50003], "rotation": 270, "texture": "#texture"},
				"down": {"uv": [1, 6.5, 0, 4.5], "texture": "#texture"}
			}
		},
		{
			"name": "Element",
			"from": [7.5, 3.75, 10.5],
			"to": [8.5, 3.8125, 11.5],
			"faces": {
				"north": {"uv": [1.875, 6.375, 2, 6.5], "texture": "#texture"},
				"east": {"uv": [1.875, 5.5, 2, 5.625], "texture": "#texture"},
				"south": {"uv": [1.875, 6.375, 2, 6.5], "texture": "#texture"},
				"west": {"uv": [1.875, 6.375, 2, 6.5], "texture": "#texture"},
				"up": {"uv": [0, 4.50053, 0.99743, 6.50003], "texture": "#texture"},
				"down": {"uv": [0, 5.5, 2, 6.5], "rotation": 90, "texture": "#texture"}
			}
		},
		{
			"name": "Element",
			"from": [8.5, 3.75, 11],
			"to": [11.5, 3.8125, 11.5],
			"faces": {
				"north": {"uv": [1.875, 5.5, 2, 5.625], "texture": "#texture"},
				"east": {"uv": [1.875, 6.375, 2, 6.5], "texture": "#texture"},
				"south": {"uv": [1.875, 6.375, 2, 6.5], "texture": "#texture"},
				"west": {"uv": [1.875, 6.375, 2, 6.5], "texture": "#texture"},
				"up": {"uv": [0, 4.5, 0.99893, 5.49748], "rotation": 270, "texture": "#texture"},
				"down": {"uv": [0, 4.5, 1, 5.5], "rotation": 90, "texture": "#texture"}
			}
		},
		{
			"name": "Element",
			"from": [4, 3.75, 8],
			"to": [7, 3.8125, 9],
			"faces": {
				"north": {"uv": [1.875, 6.375, 2, 6.5], "texture": "#texture"},
				"east": {"uv": [1.875, 6.375, 2, 6.5], "texture": "#texture"},
				"south": {"uv": [1.875, 5.5, 2, 5.625], "texture": "#texture"},
				"west": {"uv": [1.875, 6.375, 2, 6.5], "texture": "#texture"},
				"up": {"uv": [0, 4.5, 0.99893, 5.5], "rotation": 90, "texture": "#texture"},
				"down": {"uv": [0, 4.46875, 1, 5.46875], "rotation": 270, "texture": "#texture"}
			}
		},
		{
			"name": "Element",
			"from": [-0.5, 3.7875, 2.5],
			"to": [11.5, 3.85, 2.5625],
			"faces": {
				"north": {"uv": [12.25, 6, 12.59375, 6.34375], "texture": "#texture"},
				"east": {"uv": [12.25, 6, 12.59375, 6.34375], "texture": "#texture"},
				"south": {"uv": [12.25, 6, 12.59375, 6.34375], "texture": "#texture"},
				"west": {"uv": [12.25, 6, 12.59375, 6.34375], "texture": "#texture"},
				"up": {"uv": [12.25, 6, 12.59375, 6.34375], "texture": "#texture"},
				"down": {"uv": [12.25, 6, 12.59375, 6.34375], "texture": "#texture"}
			}
		},
		{
			"name": "Element",
			"from": [-0.5, 2.55, 4.75],
			"to": [0.5, 2.6125, 4.8125],
			"faces": {
				"north": {"uv": [12.25, 6, 12.59375, 6.34375], "texture": "#texture"},
				"east": {"uv": [12.25, 6, 12.59375, 6.34375], "texture": "#texture"},
				"south": {"uv": [12.25, 6, 12.59375, 6.34375], "texture": "#texture"},
				"west": {"uv": [12.25, 6, 12.59375, 6.34375], "texture": "#texture"},
				"up": {"uv": [12.25, 6, 12.59375, 6.34375], "texture": "#texture"},
				"down": {"uv": [12.25, 6, 12.59375, 6.34375], "texture": "#texture"}
			}
		},
		{
			"name": "Element",
			"from": [-0.5, 3.7875, 2.5],
			"to": [-0.4375, 3.85, 4.8],
			"faces": {
				"north": {"uv": [12.25, 6, 12.59375, 6.34375], "texture": "#texture"},
				"east": {"uv": [12.25, 6, 12.59375, 6.34375], "texture": "#texture"},
				"south": {"uv": [12.25, 6, 12.59375, 6.34375], "texture": "#texture"},
				"west": {"uv": [12.25, 6, 12.59375, 6.34375], "texture": "#texture"},
				"up": {"uv": [12.25, 6, 12.59375, 6.34375], "texture": "#texture"},
				"down": {"uv": [12.25, 6, 12.59375, 6.34375], "texture": "#texture"}
			}
		},
		{
			"name": "Element",
			"from": [-0.5, 2.55, 4.75],
			"to": [-0.4375, 3.85, 4.8125],
			"faces": {
				"north": {"uv": [12.25, 6, 12.59375, 6.34375], "texture": "#texture"},
				"east": {"uv": [12.25, 6, 12.59375, 6.34375], "texture": "#texture"},
				"south": {"uv": [12.25, 6, 12.59375, 6.34375], "texture": "#texture"},
				"west": {"uv": [12.25, 6, 12.59375, 6.34375], "texture": "#texture"},
				"up": {"uv": [12.25, 6, 12.59375, 6.34375], "texture": "#texture"},
				"down": {"uv": [12.25, 6, 12.59375, 6.34375], "texture": "#texture"}
			}
		},
		{
			"name": "Element",
			"from": [11.5, 3.7875, 2.5],
			"to": [11.5625, 3.85, 6],
			"faces": {
				"north": {"uv": [12.25, 6, 12.59375, 6.34375], "texture": "#texture"},
				"east": {"uv": [12.25, 6, 12.59375, 6.34375], "texture": "#texture"},
				"south": {"uv": [12.25, 6, 12.59375, 6.34375], "texture": "#texture"},
				"west": {"uv": [12.25, 6, 12.59375, 6.34375], "texture": "#texture"},
				"up": {"uv": [12.25, 6, 12.59375, 6.34375], "texture": "#texture"},
				"down": {"uv": [12.25, 6, 12.59375, 6.34375], "texture": "#texture"}
			}
		},
		{
			"name": "Element",
			"from": [11, 3.7875, 3],
			"to": [11.0625, 3.85, 6],
			"faces": {
				"north": {"uv": [9.5, 6, 9.84375, 6.34375], "texture": "#texture"},
				"east": {"uv": [9.5, 6, 9.84375, 6.34375], "texture": "#texture"},
				"south": {"uv": [9.5, 6, 9.84375, 6.34375], "texture": "#texture"},
				"west": {"uv": [9.5, 6, 9.84375, 6.34375], "texture": "#texture"},
				"up": {"uv": [9.5, 6, 9.84375, 6.34375], "texture": "#texture"},
				"down": {"uv": [9.5, 6, 9.84375, 6.34375], "texture": "#texture"}
			}
		},
		{
			"name": "Element",
			"from": [0, 3.7875, 3],
			"to": [11, 3.85, 3.0625],
			"faces": {
				"north": {"uv": [9.5, 6, 9.84375, 6.34375], "texture": "#texture"},
				"east": {"uv": [9.5, 6, 9.84375, 6.34375], "texture": "#texture"},
				"south": {"uv": [9.5, 6, 9.84375, 6.34375], "texture": "#texture"},
				"west": {"uv": [9.5, 6, 9.84375, 6.34375], "texture": "#texture"},
				"up": {"uv": [9.5, 6, 9.84375, 6.34375], "texture": "#texture"},
				"down": {"uv": [9.5, 6, 9.84375, 6.34375], "texture": "#texture"}
			}
		},
		{
			"name": "Element",
			"from": [0, 3.7875, 3],
			"to": [0.0625, 3.85, 6.2],
			"faces": {
				"north": {"uv": [9.5, 6, 9.84375, 6.34375], "texture": "#texture"},
				"east": {"uv": [9.5, 6, 9.84375, 6.34375], "texture": "#texture"},
				"south": {"uv": [9.5, 6, 9.84375, 6.34375], "texture": "#texture"},
				"west": {"uv": [9.5, 6, 9.84375, 6.34375], "texture": "#texture"},
				"up": {"uv": [9.5, 6, 9.84375, 6.34375], "texture": "#texture"},
				"down": {"uv": [9.5, 6, 9.84375, 6.34375], "texture": "#texture"}
			}
		},
		{
			"name": "Element",
			"from": [0, 2.75, 6.2],
			"to": [0.0625, 3.85, 6.2625],
			"faces": {
				"north": {"uv": [9.5, 6, 9.84375, 6.34375], "texture": "#texture"},
				"east": {"uv": [9.5, 6, 9.84375, 6.34375], "texture": "#texture"},
				"south": {"uv": [9.5, 6, 9.84375, 6.34375], "texture": "#texture"},
				"west": {"uv": [9.5, 6, 9.84375, 6.34375], "texture": "#texture"},
				"up": {"uv": [9.5, 6, 9.84375, 6.34375], "texture": "#texture"},
				"down": {"uv": [9.5, 6, 9.84375, 6.34375], "texture": "#texture"}
			}
		},
		{
			"name": "Element",
			"from": [-0.5, 2.55, 11.25],
			"to": [0, 2.6125, 11.3125],
			"faces": {
				"north": {"uv": [11.90625, 6, 12.25, 6.34375], "texture": "#texture"},
				"east": {"uv": [11.90625, 6, 12.25, 6.34375], "texture": "#texture"},
				"south": {"uv": [11.90625, 6, 12.25, 6.34375], "texture": "#texture"},
				"west": {"uv": [11.90625, 6, 12.25, 6.34375], "texture": "#texture"},
				"up": {"uv": [11.90625, 6, 12.25, 6.34375], "texture": "#texture"},
				"down": {"uv": [11.90625, 6, 12.25, 6.34375], "texture": "#texture"}
			}
		},
		{
			"name": "Element",
			"from": [-0.5, 2.55, 11.25],
			"to": [-0.4375, 3.85, 11.3125],
			"faces": {
				"north": {"uv": [11.90625, 6, 12.25, 6.34375], "texture": "#texture"},
				"east": {"uv": [11.90625, 6, 12.25, 6.34375], "texture": "#texture"},
				"south": {"uv": [11.90625, 6, 12.25, 6.34375], "texture": "#texture"},
				"west": {"uv": [11.90625, 6, 12.25, 6.34375], "texture": "#texture"},
				"up": {"uv": [11.90625, 6, 12.25, 6.34375], "texture": "#texture"},
				"down": {"uv": [11.90625, 6, 12.25, 6.34375], "texture": "#texture"}
			}
		},
		{
			"name": "Element",
			"from": [-0.5, 3.7875, 11.25],
			"to": [1, 3.85, 11.3125],
			"faces": {
				"north": {"uv": [11.90625, 6, 12.25, 6.34375], "texture": "#texture"},
				"east": {"uv": [11.90625, 6, 12.25, 6.34375], "texture": "#texture"},
				"south": {"uv": [11.90625, 6, 12.25, 6.34375], "texture": "#texture"},
				"west": {"uv": [11.90625, 6, 12.25, 6.34375], "texture": "#texture"},
				"up": {"uv": [11.90625, 6, 12.25, 6.34375], "texture": "#texture"},
				"down": {"uv": [11.90625, 6, 12.25, 6.34375], "texture": "#texture"}
			}
		},
		{
			"name": "Element",
			"from": [1, 3.7875, 4],
			"to": [1.0625, 3.85, 11.25],
			"faces": {
				"north": {"uv": [11.90625, 6, 12.25, 6.34375], "texture": "#texture"},
				"east": {"uv": [11.90625, 6, 12.25, 6.34375], "texture": "#texture"},
				"south": {"uv": [11.90625, 6, 12.25, 6.34375], "texture": "#texture"},
				"west": {"uv": [11.90625, 6, 12.25, 6.34375], "texture": "#texture"},
				"up": {"uv": [11.90625, 6, 12.25, 6.34375], "texture": "#texture"},
				"down": {"uv": [11.90625, 6, 12.25, 6.34375], "texture": "#texture"}
			}
		},
		{
			"name": "Element",
			"from": [1, 3.7875, 4],
			"to": [10.5, 3.85, 4.0625],
			"faces": {
				"north": {"uv": [11.90625, 6, 12.25, 6.34375], "texture": "#texture"},
				"east": {"uv": [11.90625, 6, 12.25, 6.34375], "texture": "#texture"},
				"south": {"uv": [11.90625, 6, 12.25, 6.34375], "texture": "#texture"},
				"west": {"uv": [11.90625, 6, 12.25, 6.34375], "texture": "#texture"},
				"up": {"uv": [11.90625, 6, 12.25, 6.34375], "texture": "#texture"},
				"down": {"uv": [11.90625, 6, 12.25, 6.34375], "texture": "#texture"}
			}
		},
		{
			"name": "Element",
			"from": [10.5, 3.7875, 4],
			"to": [10.5625, 3.85, 5.5],
			"faces": {
				"north": {"uv": [11.90625, 6, 12.25, 6.34375], "texture": "#texture"},
				"east": {"uv": [11.90625, 6, 12.25, 6.34375], "texture": "#texture"},
				"south": {"uv": [11.90625, 6, 12.25, 6.34375], "texture": "#texture"},
				"west": {"uv": [11.90625, 6, 12.25, 6.34375], "texture": "#texture"},
				"up": {"uv": [11.90625, 6, 12.25, 6.34375], "texture": "#texture"},
				"down": {"uv": [11.90625, 6, 12.25, 6.34375], "texture": "#texture"}
			}
		},
		{
			"name": "Element",
			"from": [10, 3.45, 5.1],
			"to": [12, 3.95, 6.1],
			"faces": {
				"north": {"uv": [10.875, 6, 11.21875, 6.34375], "texture": "#texture"},
				"east": {"uv": [10.875, 6, 11.21875, 6.34375], "texture": "#texture"},
				"south": {"uv": [10.875, 6, 11.21875, 6.34375], "texture": "#texture"},
				"west": {"uv": [10.875, 6, 11.21875, 6.34375], "texture": "#texture"},
				"up": {"uv": [10.875, 6, 11.21875, 6.34375], "texture": "#texture"},
				"down": {"uv": [10.875, 6, 11.21875, 6.34375], "texture": "#texture"}
			}
		},
		{
			"name": "Element",
			"from": [0, 0, 0],
			"to": [16, 0.25, 16],
			"faces": {
				"north": {"uv": [9.5, 15.75, 0, 16], "texture": "#texture"},
				"east": {"uv": [9.5, 15.75, 0, 16], "texture": "#texture"},
				"south": {"uv": [9.5, 15.75, 0, 16], "texture": "#texture"},
				"west": {"uv": [9.5, 15.75, 0, 16], "texture": "#texture"},
				"up": {"uv": [0, 6.5, 9.5, 16], "texture": "#texture"},
				"down": {"uv": [0, 6.5, 9.5, 16], "texture": "#texture"}
			}
		},
		{
			"name": "Element",
			"from": [4.25, 3.5, 6],
			"to": [5.25, 4, 7],
			"faces": {
				"north": {"uv": [4.5, 6, 5.5, 6.5], "texture": "#texture"},
				"east": {"uv": [4.5, 6, 5.5, 6.5], "texture": "#texture"},
				"south": {"uv": [4.5, 6, 5.5, 6.5], "texture": "#texture"},
				"west": {"uv": [4.5, 6, 5.5, 6.5], "texture": "#texture"},
				"up": {"uv": [1, 4.5, 2, 5.5], "texture": "#texture"},
				"down": {"uv": [0, 0, 1, 1], "texture": "#texture"}
			}
		},
		{
			"name": "Element",
			"from": [3.55, 3.5, 10.8],
			"to": [4, 3.9, 10.95],
			"faces": {
				"north": {"uv": [5.95, 6, 5.5, 6.4], "texture": "#texture"},
				"east": {"uv": [5.5, 6.15625, 5.65, 6.49375], "texture": "#texture"},
				"south": {"uv": [5.5, 6, 5.95, 6.4], "texture": "#texture"},
				"west": {"uv": [5.5, 6.15625, 5.65, 6.49375], "texture": "#texture"},
				"up": {"uv": [5.5, 6, 5.95, 6.15], "texture": "#texture"},
				"down": {"uv": [5.5, 6, 5.95, 6.15], "texture": "#texture"}
			}
		},
		{
			"name": "Element",
			"from": [3.55, 3.5, 10.52],
			"to": [4, 3.9, 10.67],
			"faces": {
				"north": {"uv": [5.95, 6, 5.5, 6.4], "texture": "#texture"},
				"east": {"uv": [5.5, 6.15625, 5.65, 6.49375], "texture": "#texture"},
				"south": {"uv": [5.5, 6, 5.95, 6.4], "texture": "#texture"},
				"west": {"uv": [5.5, 6.15625, 5.65, 6.49375], "texture": "#texture"},
				"up": {"uv": [5.5, 6, 5.95, 6.15], "texture": "#texture"},
				"down": {"uv": [5.5, 6, 5.95, 6.15], "texture": "#texture"}
			}
		},
		{
			"name": "Element",
			"from": [3.55, 3.5, 10.2],
			"to": [4, 3.9, 10.35],
			"faces": {
				"north": {"uv": [5.95, 6, 5.5, 6.4], "texture": "#texture"},
				"east": {"uv": [5.5, 6.15625, 5.65, 6.49375], "texture": "#texture"},
				"south": {"uv": [5.5, 6, 5.95, 6.4], "texture": "#texture"},
				"west": {"uv": [5.5, 6.15625, 5.65, 6.49375], "texture": "#texture"},
				"up": {"uv": [5.5, 6, 5.95, 6.15], "texture": "#texture"},
				"down": {"uv": [5.5, 6, 5.95, 6.15], "texture": "#texture"}
			}
		},
		{
			"name": "Element",
			"from": [4.55, 3.5, 9.2],
			"to": [5, 3.9, 9.35],
			"faces": {
				"north": {"uv": [5.95, 6, 5.5, 6.4], "texture": "#texture"},
				"east": {"uv": [5.5, 6.15625, 5.65, 6.49375], "texture": "#texture"},
				"south": {"uv": [5.5, 6, 5.95, 6.4], "texture": "#texture"},
				"west": {"uv": [5.5, 6.15625, 5.65, 6.49375], "texture": "#texture"},
				"up": {"uv": [5.5, 6, 5.95, 6.15], "texture": "#texture"},
				"down": {"uv": [5.5, 6, 5.95, 6.15], "texture": "#texture"}
			}
		},
		{
			"name": "Element",
			"from": [4.55, 3.5, 9.55],
			"to": [5, 3.9, 9.7],
			"faces": {
				"north": {"uv": [5.95, 6, 5.5, 6.4], "texture": "#texture"},
				"east": {"uv": [5.5, 6.15625, 5.65, 6.49375], "texture": "#texture"},
				"south": {"uv": [5.5, 6, 5.95, 6.4], "texture": "#texture"},
				"west": {"uv": [5.5, 6.15625, 5.65, 6.49375], "texture": "#texture"},
				"up": {"uv": [5.5, 6, 5.95, 6.15], "texture": "#texture"},
				"down": {"uv": [5.5, 6, 5.95, 6.15], "texture": "#texture"}
			}
		}
	],
	"display": {
		"thirdperson_righthand": {
			"rotation": [0, -164, -90],
			"translation": [-2.782, 1.3919, 1.4928],
			"scale": [0.5, 0.5, 0.5]
		},
		"thirdperson_lefthand": {
			"rotation": [0, -164, -90],
			"translation": [-2.782, 1.3919, 1.4928],
			"scale": [0.5, 0.5, 0.5]
		},
		"firstperson_righthand": {
			"rotation": [45, -90, 0],
			"translation": [-5.564, 6.2608, 6.9565],
			"scale": [0.3, 0.3, 0.3]
		},
		"firstperson_lefthand": {
			"rotation": [45, 90, 0],
			"translation": [-5.564, 6.2608, 6.9565],
			"scale": [0.3, 0.3, 0.3]
		},
		"ground": {
			"translation": [0, 4.8695, 0]
		},
		"gui": {
			"rotation": [90, -90, 0],
			"translation": [0, -0.695, 0],
			"scale": [0.5, 0.5, 0.5]
		},
		"fixed": {
			"rotation": [0, 90, -90],
			"translation": [0, 0, -4.695]
		}
	}
}